{
    "uvs": [],
    "name": "Cube.001Geometry.5",
    "faces": [33,0,1,2,3,0,1,2,3,33,4,7,6,5,4,5,6,7,33,4,5,11,10,4,7,7,4,33,1,5,6,2,1,7,6,2,33,2,6,7,3,2,6,5,3,33,4,0,3,7,4,0,3,5,33,10,11,15,14,4,7,7,4,33,5,1,9,11,7,1,1,7,33,0,4,10,8,0,4,4,0,33,1,0,8,9,1,0,0,1,33,14,15,19,18,4,7,8,9,33,11,9,13,15,7,1,1,7,33,8,10,14,12,0,4,4,0,33,9,8,12,13,1,0,0,1,33,16,18,19,17,10,9,8,11,33,15,13,17,19,7,1,11,8,33,12,14,18,16,0,4,9,10,33,13,12,16,17,1,0,10,11,33,24,25,21,20,6,5,3,2,33,25,26,22,21,5,4,0,3,33,23,22,28,29,1,0,0,1,33,27,24,20,23,7,6,2,1,33,20,21,22,23,2,3,0,1,33,27,26,25,24,7,4,5,6,33,29,28,32,33,1,0,0,1,33,27,23,29,31,7,1,1,7,33,26,27,31,30,4,7,7,4,33,22,26,30,28,0,4,4,0,33,33,32,36,37,1,0,10,11,33,31,29,33,35,7,1,1,7,33,30,31,35,34,4,7,7,4,33,28,30,34,32,0,4,4,0,33,38,39,37,36,9,8,11,10,33,35,33,37,39,7,1,11,8,33,34,35,39,38,4,7,8,9,33,32,34,38,36,0,4,9,10],
    "vertices": [-2.36172,-2.17597,-5.66599,-2.36172,-2.17597,-5.16599,-4.36172,-2.17597,-5.16599,-4.36172,-2.17597,-5.66599,-2.36172,1,-5.66599,-2.36172,1,-5.16599,-4.36172,1,-5.16599,-4.36172,1,-5.66599,-0.361716,-2.17597,-5.66599,-0.361716,-2.17597,-5.16599,-0.361716,1,-5.66599,-0.361717,1,-5.16599,1.63828,-2.17597,-5.66599,1.63828,-2.17597,-5.16599,1.63828,1,-5.66599,1.63828,1,-5.16599,3.63828,-2.17597,-5.66599,3.63828,-2.17597,-5.16599,3.63828,1,-5.66599,3.63828,1,-5.16599,-0.969323,-2.30584,-0.745415,-0.969323,-2.30584,-1.24541,1.03068,-2.30584,-1.24541,1.03068,-2.30584,-0.745415,-0.969323,0.870126,-0.745415,-0.969323,0.870126,-1.24541,1.03068,0.870126,-1.24541,1.03068,0.870126,-0.745415,3.03068,-2.30584,-1.24541,3.03068,-2.30584,-0.745415,3.03068,0.870126,-1.24541,3.03068,0.870126,-0.745415,5.03068,-2.30584,-1.24541,5.03068,-2.30584,-0.745415,5.03068,0.870126,-1.24541,5.03068,0.870126,-0.745415,7.03068,-2.30584,-1.24541,7.03068,-2.30584,-0.745415,7.03068,0.870126,-1.24541,7.03068,0.870126,-0.745415],
    "metadata": {
        "uvs": 0,
        "type": "Geometry",
        "version": 3,
        "generator": "io_three",
        "faces": 36,
        "normals": 12,
        "vertices": 40
    },
    "normals": [0,-0.707083,-0.707083,0,-0.707083,0.707083,-0.577349,-0.577349,0.577349,-0.577349,-0.577349,-0.577349,0,0.707083,-0.707083,-0.577349,0.577349,-0.577349,-0.577349,0.577349,0.577349,0,0.707083,0.707083,0.577349,0.577349,0.577349,0.577349,0.577349,-0.577349,0.577349,-0.577349,-0.577349,0.577349,-0.577349,0.577349]
}